<?xml version="1.0" encoding="UTF-8"?>
<!DOCTYPE mapper
  PUBLIC "-//mybatis.org//DTD Mapper 3.0//EN"
  "http://mybatis.org/dtd/mybatis-3-mapper.dtd">

 <mapper namespace="com.snack9duck.mapper.EventMapper">
 <!--진행중인 이벤트 정보 불러오기 -->
 <select id="getList" resultType="com.snack9duck.domain.EventVO">
<![CDATA[select * from event where upload = 1]]>
</select>
 <!--종료된 이벤트 정보 불러오기 -->
 <select id="endEventList" resultType="com.snack9duck.domain.EventVO">
<![CDATA[select * from event where upload = 2]]>
</select>
<!-- 관리자용 이벤트 불러오기 -->
<select id="getAllList" resultType="com.snack9duck.domain.EventVO">
<![CDATA[select * from event where eventno > 0]]>
</select>
<!-- 이벤트 등록하기 -->
<insert id="insert">
	INSERT INTO event(eventno, subject, img, mainimg, content, upload)
	values (event_seq.nextval, #{subject}, #{img}, #{mainimg}, #{content}, #{upload})
</insert>
<insert id="insertSelectKey">
	<selectKey keyProperty="eventno" order="BEFORE" resultType="long">
		select event_seq.nextval from dual
	</selectKey>
</insert>

<!-- 하나의 이벤트 정보 얻기  -->
<select id="read" resultType="com.snack9duck.domain.EventVO">
   <![CDATA[select * from event where eventno = #{eventno}]]>
</select>

<!-- 이벤트 삭제하기 -->
<delete id="delete">
   delete from event where eventno = #{eventno}
</delete>
<!-- 이벤트 정보 수정하기 -->
<update id="update">
	update event
	set subject = #{subject},
		img = #{img},
		mainimg = #{mainimg},
		content = #{content},
		upload = #{upload}
	where eventno = #{eventno}
</update>

</mapper>