<?xml version="1.0" encoding="UTF-8"?>
<!DOCTYPE mapper
  PUBLIC "-//mybatis.org//DTD Mapper 3.0//EN"
  "http://mybatis.org/dtd/mybatis-3-mapper.dtd">

 <mapper namespace="com.snack9duck.mapper.NoticeMapper">
 <!--모든 공지사항 불러오기 -->
 <select id="getList" resultType="com.snack9duck.domain.NoticeVO">
<![CDATA[select * from noticeboard where noticeno > 0]]>
</select>

<!-- 공지사항 등록하기 -->
<insert id="insert">
	INSERT INTO noticeboard (noticeno, writer, title, content)
	values (notice_seq.nextval, #{writer}, #{title}, #{content})
</insert>
<insert id="insertSelectKey">
	<selectKey keyProperty="noticeno" order="BEFORE" resultType="long">
		select notice_seq.nextval from dual
	</selectKey>
</insert>

<!-- 하나의 공지사항 정보 얻기  -->
<select id="read" resultType="com.snack9duck.domain.NoticeVO">
   <![CDATA[select * from noticeboard where noticeno = #{noticeno}]]>
</select>

<!-- 공지사항 삭제하기 -->
<delete id="delete">
   delete from noticeboard where noticeno = #{noticeno}
</delete>
<!-- 공지사항 수정하기 -->
<update id="update">
	update noticeboard
	set title = #{title},
		content = #{content}
	where noticeno = #{noticeno}
</update>

</mapper>